question,gold_answer,raptor_answer,error,per_article_answers
"If my future wife has the same first name as the 15th first lady of the United States' mother and her surname is the same as the second assassinated president's mother's maiden name, what is my future wife's name? ","Jane Ballou","The context provided does not contain enough information to determine your future wife's name. The names of the 15th first lady's mother, the second assassinated president's mother's maiden name, or any other specific individuals' names are not given in the text. Therefore, it is impossible to deduce the name based on the provided context alone.",,"[""The context provided does not contain enough information to determine your future wife's name. The names of the 15th first lady's mother, the second assassinated president's mother's maiden name, or any other specific individuals' names are not given in the text. Therefore, it is impossible to deduce the name based on the provided context alone.""]"
"Imagine there is a building called Bronte tower whose height in feet is the same number as the dewey decimal classification for the Charlotte Bronte book that was published in 1847. Where would this building rank among tallest buildings in New York City, as of August 2024?","37th","","all_trees_failed",
"How many years earlier would Punxsutawney Phil have to be canonically alive to have made a Groundhog Day prediction in the same state as the US capitol?","87","The context provided does not contain enough information to determine how many years earlier Punxsutawney Phil would need to be canonically alive to make a Groundhog Day prediction in the same state as the U.S. Capitol. The location of the original Punxsutawney Phil is specified, but no details are given about where predictions were made prior to or after his current location.",,"[""The context provided does not contain enough information to determine how many years earlier Punxsutawney Phil would need to be canonically alive to make a Groundhog Day prediction in the same state as the U.S. Capitol. The location of the original Punxsutawney Phil is specified, but no details are given about where predictions were made prior to or after his current location.""]"
"As of August 1, 2024, which country were holders of the FIFA World Cup the last time the UEFA Champions League was won by a club from London?","France","The context provided does not contain information about when the UEFA Champions League was won by a club from London or any connection between the World Cup and the UEFA Champions League. Therefore, I cannot answer the question based on the given information.",,"[""The context provided does not contain information about when the UEFA Champions League was won by a club from London or any connection between the World Cup and the UEFA Champions League. Therefore, I cannot answer the question based on the given information.""]"
"What is the name of the vocalist from the first band to make it in the top 200 under the record label that produced the third studio album for Dismal Euphony?","Jens Kidman","The provided context does not contain enough information to answer the question. Specifically, there are no details about a vocalist, any bands making it into the top 200, or the record label associated with Dismal Euphony's third studio album.",,"[""The provided context does not contain enough information to answer the question. Specifically, there are no details about a vocalist, any bands making it into the top 200, or the record label associated with Dismal Euphony's third studio album.""]"
"According to the 2000 United States census, what was the 2000 population of the birth city of the only 21st-century mayor of Austin, Texas who also served as mayor in the 1990s? Round your answer to the nearest thousand.","506000","The provided context does not contain information about the population of any city during the 2000 United States census or the birthplace of Kirk Watson. Therefore, I cannot provide an answer to the question based on the given information.",,"[""The provided context does not contain information about the population of any city during the 2000 United States census or the birthplace of Kirk Watson. Therefore, I cannot provide an answer to the question based on the given information.""]"
"I have an element in mind and would like you to identify the person it was named after. Here's a clue: The element's atomic number is 9 higher than that of an element discovered by the scientist who discovered Zirconium in the same year.","Mendelevium is named after Dmitri Mendeleev.","Based on the information provided, there isn't enough detail to determine which specific scientist and element are being referred to for naming zirconium. The context mentions that zirconium was first identified in 1789 but does not specify who discovered it or provide a connection between its discovery and another element's atomic number differing by exactly 9. Therefore, I cannot identify the person after whom the element was named based on the given information.",,"[""Based on the information provided, there isn't enough detail to determine which specific scientist and element are being referred to for naming zirconium. The context mentions that zirconium was first identified in 1789 but does not specify who discovered it or provide a connection between its discovery and another element's atomic number differing by exactly 9. Therefore, I cannot identify the person after whom the element was named based on the given information.""]"
"As of Aug 3, 2024, the artist who released the album ""Father of Asahd"" went to the same high school as an Olympic diver. How many Olympic teams did this diver participate on?","2","The provided context does not contain any information about DJ Khaled attending the same high school as an Olympic diver or about any Olympic diver's participation in teams. Therefore, I cannot determine how many Olympic teams this diver participated on based solely on the given information.",,"[""The provided context does not contain any information about DJ Khaled attending the same high school as an Olympic diver or about any Olympic diver's participation in teams. Therefore, I cannot determine how many Olympic teams this diver participated on based solely on the given information.""]"
"A general motors vehicle is named after the largest ward in the country of Monaco.  How many people had walked on the moon as of the first model year of the vehicle? Note: the model year is not the same as the year the model was first produced.","4","The context provided does not contain any information about a general motors vehicle being named after the largest ward in Monaco or about how many people had walked on the moon during the first model year of such a vehicle. Therefore, I cannot answer this question based solely on the given information.",,"[""The context provided does not contain any information about a general motors vehicle being named after the largest ward in Monaco or about how many people had walked on the moon during the first model year of such a vehicle. Therefore, I cannot answer this question based solely on the given information.""]"
"The Pope born Pietro Barbo ended a long-running war two years after his papacy began, which famous conflict, immortalized in tapestry took place 400 years earlier?","The Battle of Hastings.","The context provided does not contain any information about the Pope ending a long-running war or about a famous conflict immortalized in tapestries. Therefore, I cannot answer this question based solely on the given context.",,"[""The context provided does not contain any information about the Pope ending a long-running war or about a famous conflict immortalized in tapestries. Therefore, I cannot answer this question based solely on the given context.""]"
"An Australian artist, born the same year as artist Janet Cumbrae Stewart and fellow member of the Melbourne Society of Women Painters and Sculptors, had her painting featured on the cover of Women's World Magazine in 1923. What is the name of the painting?","Reve d'Or","The context provided does not contain enough information to determine the name of the painting featured on the cover of Women's World Magazine in 1923 by an Australian artist who was a member of the Melbourne Society of Women Painters and Sculptors. The given context only mentions Janet Agnes Cumbrae Stewart, but does not provide details about her contemporaries or their works.",,"[""The context provided does not contain enough information to determine the name of the painting featured on the cover of Women's World Magazine in 1923 by an Australian artist who was a member of the Melbourne Society of Women Painters and Sculptors. The given context only mentions Janet Agnes Cumbrae Stewart, but does not provide details about her contemporaries or their works.""]"
"As of July 1, 2024, what is the parent company of the current record label of the singer of Edge of Seventeen?","Warner Music Group","The provided context does not contain information about the current record label of Stevie Nicks or its parent company as of July 1, 2024. Therefore, I cannot answer the question based on the given information.",,"[""The provided context does not contain information about the current record label of Stevie Nicks or its parent company as of July 1, 2024. Therefore, I cannot answer the question based on the given information.""]"
"The Basibasy mine is located in Madagascar. This mine is abundant in a specific chemical element that was discovered for the first time in 1791. The person who discovered this element was born on what is now known as a major US holiday - what holiday is this?","Christmas","The question contains an error because the Basibasy mine's abundance refers to titanium, which was not discovered in 1791. Titanium was actually discovered by William Gregor in 1791. However, the specific US holiday mentioned (December 25) is Christmas Day. Therefore, the answer to the question as posed would be:

Christmas Day",,"[""The question contains an error because the Basibasy mine's abundance refers to titanium, which was not discovered in 1791. Titanium was actually discovered by William Gregor in 1791. However, the specific US holiday mentioned (December 25) is Christmas Day. Therefore, the answer to the question as posed would be:\n\nChristmas Day""]"
"One of Barbara Kingsolver's best known novels is about an American missionary family which moves to Africa. At the time, the country they move to was a Belgian colony. Which year did it become independent?","1960","The context states that The Poisonwood Bible is ""the tale of a missionary family in the Congo."" Given historical facts, the Congo gained independence from Belgium on June 30, 1960. Therefore, the year the country Barbara Kingsolver's novel describes became independent was 1960.",,"[""The context states that The Poisonwood Bible is \""the tale of a missionary family in the Congo.\"" Given historical facts, the Congo gained independence from Belgium on June 30, 1960. Therefore, the year the country Barbara Kingsolver's novel describes became independent was 1960.""]"
"Which football player got 15 or more assists in La Liga during the 2010-2011 season and also played for Arsenal at one point in his career?","This was Mesut Ozil.","The provided context does not contain enough information to answer the question about a football player who got 15 or more assists in La Liga during the 2010-2011 season and also played for Arsenal. The context focuses on the overall performance of teams like Barcelona and Real Madrid, but it does not provide individual player statistics or their career histories outside of this specific league season.",,"[""The provided context does not contain enough information to answer the question about a football player who got 15 or more assists in La Liga during the 2010-2011 season and also played for Arsenal. The context focuses on the overall performance of teams like Barcelona and Real Madrid, but it does not provide individual player statistics or their career histories outside of this specific league season.""]"
"In Slovakia there is a well known Film Festival called the Bratistlava International Film Festival. What city/ town was the film editor for the Grand Prix winner of 2003 born in?","Roudnice nad Labem","The provided context does not contain information about the birthplace of the film editor for the Grand Prix winner of 2003 or any other specific details regarding that year's festival. Therefore, I cannot answer the question based on the given information.",,"[""The provided context does not contain information about the birthplace of the film editor for the Grand Prix winner of 2003 or any other specific details regarding that year's festival. Therefore, I cannot answer the question based on the given information.""]"
"On March 7th, 2012, the director James Cameron explored a very deep underseas trench.  As of August 3, 2024, how many times would the tallest building in San Francisco fit end to end from the bottom of the New Britain Trench to the surface of the ocean? The answer should be a rounded-off whole number.  ","28","The context provided does not contain enough information to determine the depth of the New Britain Trench or the height of the tallest building in San Francisco, so it's not possible to calculate how many times the tallest building would fit end to end from the bottom of the New Britain Trench to the surface of the ocean.",,"[""The context provided does not contain enough information to determine the depth of the New Britain Trench or the height of the tallest building in San Francisco, so it's not possible to calculate how many times the tallest building would fit end to end from the bottom of the New Britain Trench to the surface of the ocean.""]"
"In August of 2024, what is the first name of the mayor of the U.S. state capital city who attended the same university as at least one U.S. president and whose city is home to an outgoing or former full member of the Big 12 Conference","Leirion","The provided context does not contain enough information to determine the first name of the mayor described in the question. The context mentions several universities that were part of the Big 12 Conference, but it does not provide details about their locations or the mayors of state capital cities associated with these institutions. Additionally, there is no information regarding which university has attended by a U.S. president or any connection to a mayor's first name.",,"[""The provided context does not contain enough information to determine the first name of the mayor described in the question. The context mentions several universities that were part of the Big 12 Conference, but it does not provide details about their locations or the mayors of state capital cities associated with these institutions. Additionally, there is no information regarding which university has attended by a U.S. president or any connection to a mayor's first name.""]"
"How many years after the founding of the 50th most populous US city, based on 2023 estimate population data, did Frank Fox receive UK Patent (1344259)?","98 Years (Arlington, TX & Rubik's Cube)","The provided context does not contain any information about the founding year of the 50th most populous U.S. city in 2023 or when Frank Fox received UK Patent 1344259. Therefore, I cannot determine how many years after the founding of the 50th most populous US city based on 2023 estimate population data that Frank Fox received UK Patent (1344259).",,"[""The provided context does not contain any information about the founding year of the 50th most populous U.S. city in 2023 or when Frank Fox received UK Patent 1344259. Therefore, I cannot determine how many years after the founding of the 50th most populous US city based on 2023 estimate population data that Frank Fox received UK Patent (1344259).""]"
"As of August 4, 2024, in what state was the first secretary of the latest United States federal executive department born?","Pennsylvania","The provided context does not contain specific information about the birthplace or the current status of any individual, particularly focusing on the first secretary of the latest United States federal executive department. Therefore, I cannot answer the question based solely on the given information.",,"[""The provided context does not contain specific information about the birthplace or the current status of any individual, particularly focusing on the first secretary of the latest United States federal executive department. Therefore, I cannot answer the question based solely on the given information.""]"
"As of August 1 2024, what is the most recently described genus of Colosteidae?","Deltaherpeton, first described in 2010","The provided context does not contain any information about a specific genus of Colosteidae that was described as of August 1, 2024. Therefore, I cannot answer the question based on the given information.",,"[""The provided context does not contain any information about a specific genus of Colosteidae that was described as of August 1, 2024. Therefore, I cannot answer the question based on the given information.""]"
"Małgorzata Rożniecka is a model who won the title of Miss International. What is the difference in title years from when she won and the pageant winner who was murdered by her stalker?","10 years","","all_trees_failed",
"According to the 1990 United States census, what was the total population of the cities in Oklahoma that had at least 100,000 residents according to the 2020 United States census?","950135","The provided context does not contain specific population data for any cities in Oklahoma from either the 1990 or 2020 censuses. Therefore, I cannot answer the question with the given information.",,"[""The provided context does not contain specific population data for any cities in Oklahoma from either the 1990 or 2020 censuses. Therefore, I cannot answer the question with the given information.""]"
"What was the political party of the person who advocated for the type of government used in Chikhali, Latur district to become the foundation of India's political system?","Indian National Congress","The context provided does not contain any information about a person advocating for a specific type of government or their political party. Therefore, it is not possible to answer the question based on the given information.",,"[""The context provided does not contain any information about a person advocating for a specific type of government or their political party. Therefore, it is not possible to answer the question based on the given information.""]"
"Giorgio Rognoni was an Italian professional footballer who played as a midfielder. 10 years after his death who was the midfielder who played in Milan that was born in Besana in Brianza,?","Demetrio Albertini","The context provided does not contain enough information to answer the question about a midfielder who played in Milan and was born in Besana in Brianza 10 years after Giorgio Rognoni's death. The context only gives details about Giorgio Rognoni himself and does not provide any information about other players or events that occurred after his death.",,"[""The context provided does not contain enough information to answer the question about a midfielder who played in Milan and was born in Besana in Brianza 10 years after Giorgio Rognoni's death. The context only gives details about Giorgio Rognoni himself and does not provide any information about other players or events that occurred after his death.""]"
"What was the age difference between Mike Tyson and Tyson Fury on the respective days on which they lost their first ever fights? Represent the figure in years only.","12 years.","The context provided does not contain any information about when Mike Tyson or Tyson Fury lost their first-ever fights, nor does it provide birth dates for either boxer. Therefore, I cannot determine the age difference between them based on the given information.",,"[""The context provided does not contain any information about when Mike Tyson or Tyson Fury lost their first-ever fights, nor does it provide birth dates for either boxer. Therefore, I cannot determine the age difference between them based on the given information.""]"
"Using the Pruett rule, out of all of the blue moons that occurred between the beginning of World War I and the end of World War II, how many of them occurred on the 31st of the month?","9","Based on the information provided in the context, there is no specific data about which days of the month calendrical blue moons fell on during the period between the beginning of World War I and the end of World War II. Therefore, it's not possible to determine how many of these blue moons occurred on the 31st of the month.",,"[""Based on the information provided in the context, there is no specific data about which days of the month calendrical blue moons fell on during the period between the beginning of World War I and the end of World War II. Therefore, it's not possible to determine how many of these blue moons occurred on the 31st of the month.""]"
"What number would Tommy Lawton have worn playing for Chelsea FC?","9","The provided context does not contain any information about the shirt number Tommy Lawton wore while playing for Chelsea FC. Therefore, I cannot determine the number based on the given information.",,"[""The provided context does not contain any information about the shirt number Tommy Lawton wore while playing for Chelsea FC. Therefore, I cannot determine the number based on the given information.""]"
"If you subtract the year that William McCrary ""Billy"" Ray II was born from the year Obama was first sworn in as President to the United States and multiply it by the number of administrative regions in France as of January 1, 2024, what number would you get?","828","The context provided does not contain information about when Barack Obama was first sworn in as President or the number of administrative regions in France as of January 1, 2024. Therefore, I cannot provide a numerical answer to this question based solely on the given context.",,"[""The context provided does not contain information about when Barack Obama was first sworn in as President or the number of administrative regions in France as of January 1, 2024. Therefore, I cannot provide a numerical answer to this question based solely on the given context.""]"
"If Princess Diana had been born three years earlier, who would have been Prime Minister when she was ten? ","Harold Wilson","The context provided does not contain information about the Prime Ministers during different time periods. Therefore, I cannot determine who the Prime Minister would have been if Diana had been born three years earlier using only the given information.",,"[""The context provided does not contain information about the Prime Ministers during different time periods. Therefore, I cannot determine who the Prime Minister would have been if Diana had been born three years earlier using only the given information.""]"
"As of August 1, 2024, what is the population of the writer of the ""Culdcept Saga""'s birthplace? Write the answer to the nearest million, in characters.","Two million.","The provided context does not contain any information about the writer or the birthplace of the writer of ""Culdcept Saga."" Therefore, it's not possible to determine the population of the writer's birthplace as of August 1, 2024.",,"[""The provided context does not contain any information about the writer or the birthplace of the writer of \""Culdcept Saga.\"" Therefore, it's not possible to determine the population of the writer's birthplace as of August 1, 2024.""]"
"What is the middle name of the U.S. president who died on the same day of the year as Virginia Woolf?","David","The context provided does not contain any information about a U.S. president or their middle names, nor does it provide enough details to determine if there is a U.S. president who died on the same day of the year as Virginia Woolf (28 March). Therefore, I cannot answer this question based solely on the given information.",,"[""The context provided does not contain any information about a U.S. president or their middle names, nor does it provide enough details to determine if there is a U.S. president who died on the same day of the year as Virginia Woolf (28 March). Therefore, I cannot answer this question based solely on the given information.""]"
"As of 2010, if you added the number of times Brazil had won the World Cup to the amount of times the Chicago Bulls had won the NBA Championship and multiplied this number by the amount of times the Dallas Cowboys had won the Super Bowl, what number are you left with?","55","The context provided does not contain information about the NBA Championships or the Super Bowl victories. Therefore, I cannot determine the answer to the question using only the given information.",,"[""The context provided does not contain information about the NBA Championships or the Super Bowl victories. Therefore, I cannot determine the answer to the question using only the given information.""]"
"How old would the founder of the publishing company of the magazine that serialized the manga series Raw Hero have been the year the magazine ended publication?","145","The context provided does not contain information about the founder of Kodansha or their age. Therefore, it is not possible to answer the question based on the given information.",,"[""The context provided does not contain information about the founder of Kodansha or their age. Therefore, it is not possible to answer the question based on the given information.""]"
"The oldest extant football team in Italy plays in a stadium.   The stadium is named after a person.   Who was the emperor of China when that person was 5 years old?","Guangxu","The provided context does not contain any information about an Italian football club, its stadium, or historical emperors of China. Therefore, I cannot answer this question based on the given information.",,"[""The provided context does not contain any information about an Italian football club, its stadium, or historical emperors of China. Therefore, I cannot answer this question based on the given information.""]"
"Of the four main characters on Seinfeld, which actor is the oldest?","Michael Richards","The context does not provide specific ages for the actors, so it cannot be determined which actor is the oldest based solely on the given information.",,"[""The context does not provide specific ages for the actors, so it cannot be determined which actor is the oldest based solely on the given information.""]"
"How old was Harvard University, when the person whom the longest river in British Columbia is named after, was born?  The river in question only flows within the confines of British Columbia and does not enter any other province or territory.  ","140 years old.","The context provided does not contain information about the age of Harvard University when a specific person (related to the longest river in British Columbia) was born. Therefore, I cannot determine the answer to this question based on the given information.",,"[""The context provided does not contain information about the age of Harvard University when a specific person (related to the longest river in British Columbia) was born. Therefore, I cannot determine the answer to this question based on the given information.""]"
"On the same day that the The Mercedes-Benz W222 arrived at dealerships, a star of the sit-com Modern Family was wed. Who did the star marry?","Justin Mikita","The context provided does not contain any information about a celebrity from the show Modern Family getting married on the same day as the W222's release. Therefore, I cannot answer this question based solely on the given information.",,"[""The context provided does not contain any information about a celebrity from the show Modern Family getting married on the same day as the W222's release. Therefore, I cannot answer this question based solely on the given information.""]"
"Which species from the genus mulona are both found in the same country?","Mulona barnesi and mulona schausi","The provided context does not contain information about specific species within the genus Mulona or their distribution. Therefore, I cannot determine which species from the genus Mulona are both found in the same country based on the given information.",,"[""The provided context does not contain information about specific species within the genus Mulona or their distribution. Therefore, I cannot determine which species from the genus Mulona are both found in the same country based on the given information.""]"
"As of July 1, 2024, if I wanted to give my daughter the middle name of the American woman who is the most decorated female in the history of American gymnastics as her first name and the full first name of the American woman who holds the world record in the 800-meter freestyle as her middle name, what would I name my daughter? ","Arianne Kathleen","The context provided does not contain information about the most decorated female in American gymnastics or the holder of the world record in the 800-meter freestyle. Therefore, it is not possible to provide the requested names based on the given information.",,"[""The context provided does not contain information about the most decorated female in American gymnastics or the holder of the world record in the 800-meter freestyle. Therefore, it is not possible to provide the requested names based on the given information.""]"
"I am thinking of a Ancient Roman City.  The city was destroyed by volcanic eruption.  The eruption occurred in the year 79 AD.  The volcano was a stratovolcano.    Where was the session held where it was decided that the city would be named a UNESCO world heritage site?","Naples","The context provided does not contain information about where the session was held to decide on naming the city a UNESCO World Heritage Site. Therefore, based solely on the given information, I cannot answer this question accurately.",,"[""The context provided does not contain information about where the session was held to decide on naming the city a UNESCO World Heritage Site. Therefore, based solely on the given information, I cannot answer this question accurately.""]"
"What Formula One car was driven in 1994 by the nephew of a racing driver from Italy who drove a Ferrari 312T and shares a last name with a common cocktail drink?","Minardi M194","The question cannot be answered based on the information provided in the context. The context does not mention any Italian racing driver or their nephew, nor does it provide details about a driver sharing a last name with a common cocktail drink.",,"[""The question cannot be answered based on the information provided in the context. The context does not mention any Italian racing driver or their nephew, nor does it provide details about a driver sharing a last name with a common cocktail drink.""]"
"As of August 1, 2024, who is the president of the team that inspired the original name of the Washington Commanders?","Derek Schiller","The context provided does not contain information about the current president of the Washington Commanders. Therefore, I cannot answer the question based on the given information.",,"[""The context provided does not contain information about the current president of the Washington Commanders. Therefore, I cannot answer the question based on the given information.""]"
"As of 2023, how many more employees does the company alphabetically first by ticker symbol in the S&P500 have than the company alphabetically 2nd to last by ticker symbol in the S&P500?","8,350","","all_trees_failed",
"I am moving to the G40 postcode area - what train stations are nearby, as of 2024?","Bridgeton Railway Station and Dalmarnock Railway Station.","The provided context does not contain information about train stations near the G40 postcode area. The context only describes the postcode areas used by Royal Mail and their geographical coverage but does not provide details about train stations or specific locations within a postcode area.",,"[""The provided context does not contain information about train stations near the G40 postcode area. The context only describes the postcode areas used by Royal Mail and their geographical coverage but does not provide details about train stations or specific locations within a postcode area.""]"
"How old was Stephen Baldwin when Hailey and Justin got married?","52","The context provided does not contain any information about Stephen Baldwin or his age at the time of Hailey and Justin's marriage. Therefore, I cannot answer this question based on the given information.",,"[""The context provided does not contain any information about Stephen Baldwin or his age at the time of Hailey and Justin's marriage. Therefore, I cannot answer this question based on the given information.""]"
"As of August 1, 2024, what is the largest city of the 9th largest country by land area in Europe?","The largest city of the 9th largest country in Europe is Warsaw.","The provided context does not contain information about specific cities or rank countries by their size. Therefore, I cannot determine the largest city of the 9th largest country by land area in Europe based solely on this context.",,"[""The provided context does not contain information about specific cities or rank countries by their size. Therefore, I cannot determine the largest city of the 9th largest country by land area in Europe based solely on this context.""]"
"What was the running time of the first cartoon in the series that inspired the name of the Looney Tunes franchise?","5 minutes and 31 seconds","The context provided does not contain specific information about the running time of the first cartoon in the series that inspired the name of the Looney Tunes franchise. Therefore, I cannot provide a precise answer to this question based solely on the given information.",,"[""The context provided does not contain specific information about the running time of the first cartoon in the series that inspired the name of the Looney Tunes franchise. Therefore, I cannot provide a precise answer to this question based solely on the given information.""]"
"The state, whose motto was adopted March 26, 1928, has 0.94% of the population in 2024 speaking a language that is native to which country?","Philippines","The context provided does not contain specific information about a state adopting its motto on March 26, 1928, or details about the languages spoken in 2024 and their countries of origin. Therefore, I cannot answer this question based solely on the given information.",,"[""The context provided does not contain specific information about a state adopting its motto on March 26, 1928, or details about the languages spoken in 2024 and their countries of origin. Therefore, I cannot answer this question based solely on the given information.""]"
"As of 2024, at the time of his birth, what was the middle name of the U.S. president who won Alaska, graduated from Yale University, and had a son named Michael?","Lynch","The provided context does not contain enough information to determine the middle name of the U.S. president who won Alaska, graduated from Yale University, and had a son named Michael. The context only mentions Donald Trump's victory in Alaska in 2024 but does not provide details about his middle name or personal life.",,"[""The provided context does not contain enough information to determine the middle name of the U.S. president who won Alaska, graduated from Yale University, and had a son named Michael. The context only mentions Donald Trump's victory in Alaska in 2024 but does not provide details about his middle name or personal life.""]"